,,,,,UNITED TEXTILE MILLS PVT LTD - GUJ - UNIT I I,,,,,,
,,,,,,,,,,,
,,,,,PLOT NO. 136/B - 1/7 SECOND PHASE GIDC VAPI ,,,,,,
FINISH SALES INVOICE REGISTER FORM  01/04/2025 TO 31/03/2026,,,,,,,,,,,
,,,,,,,,,,,
REF-ENTNO ,DATE,PARTY ,PCS,QTY,GROSSAMT,SGST AMT,CGST AMT,IGST AMT,ADD LESS,RND,NET AMT
FS/000001,12/05/25,UNITED TEXTILE MILLS PVT LTD UNIT - 2,1,32306.90 ,2801008.00 ,0.00 ,0.00 ,140050.40 ,0.00 ,0.40,2941058.00 
FS/000002,12/05/25,UNITED TEXTILE MILLS PVT LTD UNIT - 2,1,59355.60 ,5146131.00 ,0.00 ,0.00 ,257306.55 ,0.00 ,0.45 ,5403438.00 
FS/000003,12/05/25,UNITED TEXTILE MILLS PVT LTD UNIT - 2,1,25656.40 ,2224410.00 ,0.00 ,0.00 ,111220.50 ,0.00 ,0.50 ,2335631.00 
FS/000004,12/05/25,UNITED TEXTILE MILLS PVT LTD UNIT - 2,1,99.20 ,8601.00 ,0.00 ,0.00 ,430.05 ,0.00 ,0.05,9031.00 
FS/000005,23/02/26,UNITED TEXTILE MILLS PVT. LTD. (UNIT-III) SALES,137,3675.00 ,462131.25 ,0.00 ,0.00 ,23106.56 ,0.00 ,0.19 ,485238.00 
Grs/000001,16/03/26,R-RELIANCE RETAIL LTD (NAVI MUMBAI),-1,1.00,323.00 ,0.00 ,0.00 ,16.15,0.00 ,0.15,339.00
Grs/000002,01/09/25,R-RELIANCE RETAIL LTD (HARYANA),-13,13.00,4202.00 ,0.00 ,0.00 ,210.10,0.00 ,0.10,4412.00
Grs/000003,05/09/25,R-RELIANCE RETAIL LTD (NAVI MUMBAI),-1,1.00,318.00 ,0.00 ,0.00 ,15.90,0.00 ,0.10 ,334.00
Grs/000004,05/09/25,R-RELIANCE RETAIL LTD (HARYANA),-1,1.00,318.00 ,0.00 ,0.00 ,15.90,0.00 ,0.10 ,334.00
Grs/000005,28/10/25,R-RELIANCE RETAIL LTD (CHENNAI),-87,87.00,40966.00 ,0.00 ,0.00 ,2048.30,0.00 ,0.30,43014.00
Grs/000006,28/10/25,R-RELIANCE RETAIL LTD (CHENNAI),-1,1.00,471.00 ,0.00 ,0.00 ,23.55,0.00 ,0.45 ,495.00
Grs/000007,15/01/26,R-RELIANCE RETAIL LTD (KARNATAKA),-3,3.00,1413.00 ,0.00 ,0.00 ,70.65,0.00 ,0.35 ,1484.00
Grs/000008,15/01/26,R-RELIANCE RETAIL LTD (KARNATAKA),-40,40.00,18835.00 ,0.00 ,0.00 ,941.75,0.00 ,0.25 ,19777.00
Grs/000009,15/01/26,R-RELIANCE RETAIL LTD (NAVI MUMBAI),-3,3.00,856.00 ,0.00 ,0.00 ,42.80,0.00 ,0.20 ,899.00
Grs/000010,15/01/26,R-RELIANCE RETAIL LTD (CHENNAI),-7,7.00,1997.00 ,0.00 ,0.00 ,99.85,0.00 ,0.15 ,2097.00
Grs/000011,15/01/26,R-RELIANCE RETAIL LTD (CHENNAI),-3,3.00,856.00 ,0.00 ,0.00 ,42.80,0.00 ,0.20 ,899.00
Grs/000012,15/01/26,R-RELIANCE RETAIL LTD (KARNATAKA),-31,31.00,8844.00 ,0.00 ,0.00 ,442.20,0.00 ,0.20,9286.00
Grs/000013,15/01/26,R-RELIANCE RETAIL LTD (CHENNAI),-2,2.00,571.00 ,0.00 ,0.00 ,28.55,0.00 ,0.45 ,600.00
Gs/R263202382200001,21/04/25,R-RELIANCE RETAIL LTD (KARNATAKA),390,390.00 ,126137.78 ,0.00 ,0.00 ,6306.89 ,0.00 ,0.33 ,132445.00 
Gs/R263202382200002,21/04/25,R-RELIANCE RETAIL LTD (NAVI MUMBAI),616,616.00 ,199232.88 ,0.00 ,0.00 ,9961.64 ,0.00 ,0.48 ,209195.00 
Gs/R263202382200003,21/04/25,R-RELIANCE RETAIL LTD (HARYANA),397,397.00 ,128401.65 ,0.00 ,0.00 ,6420.08 ,0.00 ,0.27 ,134822.00 
Gs/R263202382200004,14/05/25,R-RELIANCE RETAIL LTD (HARYANA),463,463.00 ,147456.24 ,0.00 ,0.00 ,7372.81 ,0.00 ,0.05,154829.00 
Gs/R263202382200005,14/05/25,R-RELIANCE RETAIL LTD (KARNATAKA),378,378.00 ,120385.44 ,0.00 ,0.00 ,6019.27 ,0.00 ,0.29 ,126405.00 
Gs/R263202382200006,14/05/25,R-RELIANCE RETAIL LTD (NAVI MUMBAI),563,563.00 ,179304.24 ,0.00 ,0.00 ,8965.21 ,0.00 ,0.45,188269.00 
Gs/R263202382200007,07/10/25,R-RELIANCE RETAIL LTD (HARYANA),550,550.00 ,170203.00 ,0.00 ,0.00 ,8510.15 ,0.00 ,0.15,178713.00 
Gs/R263202382200008,07/10/25,R-RELIANCE RETAIL LTD (NAVI MUMBAI),690,690.00 ,213527.40 ,0.00 ,0.00 ,10676.37 ,0.00 ,0.23 ,224204.00 
Gs/R263202382200009,07/10/25,R-RELIANCE RETAIL LTD (KARNATAKA),611,611.00 ,189080.06 ,0.00 ,0.00 ,9454.00 ,0.00 ,0.06,198534.00 
Gs/R263202382200010,24/01/26,R-RELIANCE RETAIL LTD (NAVI MUMBAI),560,560.00 ,172625.60 ,0.00 ,0.00 ,8631.28 ,0.00 ,0.12 ,181257.00 
Gs/R263202382200011,24/01/26,R-RELIANCE RETAIL LTD (KARNATAKA),439,439.00 ,135326.14 ,0.00 ,0.00 ,6766.31 ,0.00 ,0.45,142092.00 
Gs/R263202382200012,24/01/26,R-RELIANCE RETAIL LTD (HARYANA),151,151.00 ,46547.26 ,0.00 ,0.00 ,2327.36 ,0.00 ,0.38 ,48875.00 
Gs/R263202382200013,13/02/26,R-RELIANCE RETAIL LTD (KARNATAKA),230,230.00 ,70883.70 ,0.00 ,0.00 ,3544.19 ,0.00 ,0.11 ,74428.00 
Gs/R263202382200014,13/02/26,R-RELIANCE RETAIL LTD (NAVI MUMBAI),284,284.00 ,87525.96 ,0.00 ,0.00 ,4376.30 ,0.00 ,0.26,91902.00 
Gs/R263202382200015,13/02/26,R-RELIANCE RETAIL LTD (KARNATAKA),230,230.00 ,70883.70 ,0.00 ,0.00 ,3544.19 ,0.00 ,0.11 ,74428.00 
Gs/R263202382200016,13/02/26,R-RELIANCE RETAIL LTD (NAVI MUMBAI),284,284.00 ,87525.96 ,0.00 ,0.00 ,4376.30 ,0.00 ,0.26,91902.00 
Gs/R263202382200017,13/02/26,R-RELIANCE RETAIL LTD (HARYANA),347,347.00 ,106941.93 ,0.00 ,0.00 ,5347.10 ,0.00 ,0.03,112289.00 
Gs/R263202382200018,23/02/26,R-RELIANCE RETAIL LTD (NAVI MUMBAI),326,326.00 ,87459.28 ,0.00 ,0.00 ,4372.96 ,0.00 ,0.24,91832.00 
Gs/R263202382200019,23/02/26,R-RELIANCE RETAIL LTD (KARNATAKA),262,262.00 ,70289.36 ,0.00 ,0.00 ,3514.47 ,0.00 ,0.17 ,73804.00 
Gs/R263202382200020,23/02/26,R-RELIANCE RETAIL LTD (NAVI MUMBAI),386,386.00 ,104679.34 ,0.00 ,0.00 ,5233.97 ,0.00 ,0.31,109913.00 
Gs/R263202382200021,23/02/26,R-RELIANCE RETAIL LTD (KARNATAKA),311,311.00 ,84340.09 ,0.00 ,0.00 ,4217.00 ,0.00 ,0.09,88557.00 
Gs/R263202382200022,23/02/26,R-RELIANCE RETAIL LTD (HARYANA),244,244.00 ,66170.36 ,0.00 ,0.00 ,3308.52 ,0.00 ,0.12 ,69479.00 
Gs/R263202382200023,23/02/26,R-RELIANCE RETAIL LTD (KARNATAKA),311,311.00 ,83435.08 ,0.00 ,0.00 ,4171.75 ,0.00 ,0.17 ,87607.00 
Gs/R263202382200024,23/02/26,R-RELIANCE RETAIL LTD (NAVI MUMBAI),386,386.00 ,103556.08 ,0.00 ,0.00 ,5177.80 ,0.00 ,0.12 ,108734.00 
Gs/R263202382200025,23/02/26,R-RELIANCE RETAIL LTD (HARYANA),204,204.00 ,54729.12 ,0.00 ,0.00 ,2736.46 ,0.00 ,0.42 ,57466.00 
Gs/R263202382200026,23/02/26,R-RELIANCE RETAIL LTD (HARYANA),226,226.00 ,60631.28 ,0.00 ,0.00 ,3031.56 ,0.00 ,0.16 ,63663.00 
Gs/R263202382200027,11/03/26,R-RELIANCE RETAIL LTD (KARNATAKA),185,185.00 ,95656.10 ,0.00 ,0.00 ,4782.81 ,0.00 ,0.09 ,100439.00 
Gs/R263202382200028,11/03/26,R-RELIANCE RETAIL LTD (NAVI MUMBAI),243,243.00 ,125645.58 ,0.00 ,0.00 ,6282.28 ,0.00 ,0.14 ,131928.00 
Gs/R263202382200029,11/03/26,R-RELIANCE RETAIL LTD (GUJRAT),12,12.00 ,6204.72 ,155.12 ,155.12 ,0.00 ,0.00 ,0.04 ,6515.00 
Gs/R263202382200030,11/03/26,R-RELIANCE RETAIL LTD (NAVI MUMBAI),12,12.00 ,6204.72 ,0.00 ,0.00 ,310.24 ,0.00 ,0.04 ,6515.00 
Gs/R263202382200031,11/03/26,R-RELIANCE RETAIL LTD (NAVI MUMBAI),12,12.00 ,6204.72 ,0.00 ,0.00 ,310.24 ,0.00 ,0.04 ,6515.00 
Gs/R263202382200032,11/03/26,R-RELIANCE RETAIL LTD (KARNATAKA),12,12.00 ,6204.72 ,0.00 ,0.00 ,310.24 ,0.00 ,0.04 ,6515.00 
Gs/R263202382200033,11/03/26,R-RELIANCE RETAIL LTD (TELANGANA),12,12.00 ,6204.72 ,0.00 ,0.00 ,310.24 ,0.00 ,0.04 ,6515.00 
Gs/R263202382200034,11/03/26,R-RELIANCE RETAIL LTD (HARYANA),133,133.00 ,68768.98 ,0.00 ,0.00 ,3438.45 ,0.00 ,0.43,72207.00 
Gs/R263202382200035,30/03/26,R-RELIANCE RETAIL LTD (NAVI MUMBAI),306,306.00 ,88743.06 ,0.00 ,0.00 ,4437.15 ,0.00 ,0.21,93180.00 
Gs/R263202382200036,30/03/26,R-RELIANCE RETAIL LTD (KARNATAKA),244,244.00 ,70762.44 ,0.00 ,0.00 ,3538.12 ,0.00 ,0.44 ,74301.00 
Gs/R263202382200037,30/03/26,R-RELIANCE RETAIL LTD (HARYANA),180,180.00 ,52201.80 ,0.00 ,0.00 ,2610.09 ,0.00 ,0.11 ,54812.00 
Gs/R263202493700001,02/09/25,R-RELIANCE RETAIL LTD (ODISHA),18,18.00 ,8475.66 ,0.00 ,0.00 ,423.78 ,0.00 ,0.44,8899.00 
Gs/R263202493700002,02/09/25,R-RELIANCE RETAIL LTD (NAVI MUMBAI),18,18.00 ,8475.66 ,0.00 ,0.00 ,423.78 ,0.00 ,0.44,8899.00 
Gs/R263202493700003,02/09/25,R-RELIANCE RETAIL LTD (DELHI),17,17.00 ,8004.79 ,0.00 ,0.00 ,400.24 ,0.00 ,0.03,8405.00 
Gs/R263202493700004,02/09/25,R-RELIANCE RETAIL LTD (DELHI),17,17.00 ,8004.79 ,0.00 ,0.00 ,400.24 ,0.00 ,0.03,8405.00 
Gs/R263202493700005,02/09/25,R-RELIANCE RETAIL LTD (WEST BENGAL),17,17.00 ,8004.79 ,0.00 ,0.00 ,400.24 ,0.00 ,0.03,8405.00 
Gs/R263202493700006,02/09/25,R-RELIANCE RETAIL LTD (LUCKNOW),19,19.00 ,8946.53 ,0.00 ,0.00 ,447.33 ,0.00 ,0.14 ,9394.00 
Gs/R263202493700007,02/09/25,R-RELIANCE RETAIL LTD (ODISHA),18,18.00 ,8475.66 ,0.00 ,0.00 ,423.78 ,0.00 ,0.44,8899.00 
Gs/R263202493700008,02/09/25,R-RELIANCE RETAIL LTD (KARNATAKA),27,27.00 ,12713.49 ,0.00 ,0.00 ,635.67 ,0.00 ,0.16,13349.00 
Gs/R263202493700009,02/09/25,R-RELIANCE RETAIL LTD (NAVI MUMBAI),18,18.00 ,8475.66 ,0.00 ,0.00 ,423.78 ,0.00 ,0.44,8899.00 
Gs/R263202493700010,02/09/25,R-RELIANCE RETAIL LTD (LUCKNOW),19,19.00 ,8946.53 ,0.00 ,0.00 ,447.33 ,0.00 ,0.14 ,9394.00 
Gs/R263202493700011,02/09/25,R-RELIANCE RETAIL LTD (HARYANA),1750,1750.00 ,824022.50 ,0.00 ,0.00 ,41201.13 ,0.00 ,0.37 ,865224.00 
Gs/R263202493700012,02/09/25,R-RELIANCE RETAIL LTD (WEST BENGAL),14,14.00 ,6592.18 ,0.00 ,0.00 ,329.61 ,0.00 ,0.21 ,6922.00 
Gs/R263202493700013,02/09/25,R-RELIANCE RETAIL LTD (NAVI MUMBAI),18,18.00 ,8475.66 ,0.00 ,0.00 ,423.78 ,0.00 ,0.44,8899.00 
Gs/R263202493700014,02/09/25,R-RELIANCE RETAIL LTD (KARNATAKA),19,19.00 ,8946.53 ,0.00 ,0.00 ,447.33 ,0.00 ,0.14 ,9394.00 
Gs/R263202493700015,02/09/25,R-RELIANCE RETAIL LTD (ANDHRA PRADESH),22,22.00 ,10359.14 ,0.00 ,0.00 ,517.96 ,0.00 ,0.10,10877.00 
Gs/R263202493700016,02/09/25,R-RELIANCE RETAIL LTD (ANDHRA PRADESH),18,18.00 ,8475.66 ,0.00 ,0.00 ,423.78 ,0.00 ,0.44,8899.00 
Gs/R263202493700017,02/09/25,R-RELIANCE RETAIL LTD (NAVI MUMBAI),18,18.00 ,8475.66 ,0.00 ,0.00 ,423.78 ,0.00 ,0.44,8899.00 
Gs/R263202493700018,02/09/25,R-RELIANCE RETAIL LTD (BIHAR),18,18.00 ,8475.66 ,0.00 ,0.00 ,423.78 ,0.00 ,0.44,8899.00 
Gs/R263202493700019,02/09/25,R-RELIANCE RETAIL LTD (LUCKNOW),19,19.00 ,8946.53 ,0.00 ,0.00 ,447.33 ,0.00 ,0.14 ,9394.00 
Gs/R263202493700020,02/09/25,R-RELIANCE RETAIL LTD (NAVI MUMBAI),18,18.00 ,8475.66 ,0.00 ,0.00 ,423.78 ,0.00 ,0.44,8899.00 
Gs/R263202493700021,02/09/25,R-RELIANCE RETAIL LTD (NAVI MUMBAI),23,23.00 ,10830.01 ,0.00 ,0.00 ,541.50 ,0.00 ,0.49 ,11372.00 
Gs/R263202493700022,02/09/25,R-RELIANCE RETAIL LTD (KARNATAKA),19,19.00 ,8946.53 ,0.00 ,0.00 ,447.33 ,0.00 ,0.14 ,9394.00 
Gs/R263202493700023,02/09/25,R-RELIANCE RETAIL LTD (CHENNAI),27,27.00 ,12713.49 ,0.00 ,0.00 ,635.67 ,0.00 ,0.16,13349.00 
Gs/R263202493700024,02/09/25,R-RELIANCE RETAIL LTD (KARNATAKA),19,19.00 ,8946.53 ,0.00 ,0.00 ,447.33 ,0.00 ,0.14 ,9394.00 
Gs/R263202493700025,02/09/25,R-RELIANCE RETAIL LTD (NAVI MUMBAI),18,18.00 ,8475.66 ,0.00 ,0.00 ,423.78 ,0.00 ,0.44,8899.00 
Gs/R263202493700026,02/09/25,R-RELIANCE RETAIL LTD (WEST BENGAL),1575,1575.00 ,741620.25 ,0.00 ,0.00 ,37081.01 ,0.00 ,0.26,778701.00 
Gs/R263202493700027,02/09/25,R-RELIANCE RETAIL LTD (NAVI MUMBAI),18,18.00 ,8475.66 ,0.00 ,0.00 ,423.78 ,0.00 ,0.44,8899.00 
Gs/R263202493700028,02/09/25,R-RELIANCE RETAIL LTD (WEST BENGAL),18,18.00 ,8475.66 ,0.00 ,0.00 ,423.78 ,0.00 ,0.44,8899.00 
Gs/R263202493700029,02/09/25,R-RELIANCE RETAIL LTD (BIHAR),16,16.00 ,7533.92 ,0.00 ,0.00 ,376.70 ,0.00 ,0.38 ,7911.00 
Gs/R263202493700030,02/09/25,R-RELIANCE RETAIL LTD (KERALA),18,18.00 ,8475.66 ,0.00 ,0.00 ,423.78 ,0.00 ,0.44,8899.00 
Gs/R263202493700031,02/09/25,R-RELIANCE RETAIL LIMITED (CHANDIGARH),17,17.00 ,8004.79 ,0.00 ,0.00 ,400.24 ,0.00 ,0.03,8405.00 
Gs/R263202493700032,02/09/25,R-RELIANCE RETAIL LTD (TELANGANA),20,20.00 ,9417.40 ,0.00 ,0.00 ,470.87 ,0.00 ,0.27,9888.00 
Gs/R263202493700033,02/09/25,R-RELIANCE RETAIL LTD (WEST BENGAL),17,17.00 ,8004.79 ,0.00 ,0.00 ,400.24 ,0.00 ,0.03,8405.00 
Gs/R263202493700034,02/09/25,R-RELIANCE RETAIL LTD (KARNATAKA),924,924.00 ,435083.88 ,0.00 ,0.00 ,21754.19 ,0.00 ,0.07,456838.00 
Gs/R263202493700035,02/09/25,R-RELIANCE RETAIL LTD (CHENNAI),1200,1200.00 ,565044.00 ,0.00 ,0.00 ,28252.20 ,0.00 ,0.20,593296.00 
Gs/R263202493700036,02/09/25,R-RELIANCE RETAIL LTD (TELANGANA),1074,1074.00 ,505714.38 ,0.00 ,0.00 ,25285.72 ,0.00 ,0.10,531000.00 
Gs/R263202493700037,03/09/25,R-RELIANCE RETAIL LTD (CHENNAI),957,957.00 ,450622.59 ,0.00 ,0.00 ,22531.13 ,0.00 ,0.28 ,473154.00 
Gs/R263202493700038,03/09/25,R-RELIANCE RETAIL LTD (KARNATAKA),158,158.00 ,74397.46 ,0.00 ,0.00 ,3719.87 ,0.00 ,0.33,78117.00 
Gs/R263202493700039,03/09/25,R-RELIANCE RETAIL LTD (KARNATAKA),650,650.00 ,306065.50 ,0.00 ,0.00 ,15303.28 ,0.00 ,0.22 ,321369.00 
Gs/R263202493700040,03/09/25,R-RELIANCE RETAIL LTD (ASSAM),449,449.00 ,211420.63 ,0.00 ,0.00 ,10571.03 ,0.00 ,0.34 ,221992.00 
Gs/R263202493700041,03/09/25,R-RELIANCE RETAIL LTD (NAVI MUMBAI),385,385.00 ,181284.95 ,0.00 ,0.00 ,9064.25 ,0.00 ,0.20,190349.00 
Gs/R263202493700042,03/09/25,R-RELIANCE RETAIL LTD (NAVI MUMBAI),98,98.00 ,46145.26 ,0.00 ,0.00 ,2307.26 ,0.00 ,0.48 ,48453.00 
Gs/R263202493700043,29/09/25,R-RELIANCE RETAIL LTD (CHENNAI),27,27.00 ,7702.56 ,0.00 ,0.00 ,385.13 ,0.00 ,0.31 ,8088.00 
Gs/R263202493700044,27/09/25,R-RELIANCE RETAIL LTD (NAVI MUMBAI),26,26.00 ,7417.28 ,0.00 ,0.00 ,370.86 ,0.00 ,0.14,7788.00 
Gs/R263202493700045,27/09/25,R-RELIANCE RETAIL LTD (NAVI MUMBAI),33,33.00 ,9414.24 ,0.00 ,0.00 ,470.71 ,0.00 ,0.05 ,9885.00 
Gs/R263202493700046,29/09/25,R-RELIANCE RETAIL LTD (CHENNAI),35,35.00 ,9984.80 ,0.00 ,0.00 ,499.24 ,0.00 ,0.04,10484.00 
Gs/R263202493700047,27/09/25,R-RELIANCE RETAIL LTD (NAVI MUMBAI),34,34.00 ,9699.52 ,0.00 ,0.00 ,484.98 ,0.00 ,0.50 ,10185.00 
Gs/R263202493700048,27/09/25,R-RELIANCE RETAIL LTD (NAVI MUMBAI),34,34.00 ,9699.52 ,0.00 ,0.00 ,484.98 ,0.00 ,0.50 ,10185.00 
Gs/R263202493700049,29/09/25,R-RELIANCE RETAIL LTD (TELANGANA),34,34.00 ,9699.52 ,0.00 ,0.00 ,484.98 ,0.00 ,0.50 ,10185.00 
Gs/R263202493700050,29/09/25,R-RELIANCE RETAIL LTD (CHENNAI),27,27.00 ,7702.56 ,0.00 ,0.00 ,385.13 ,0.00 ,0.31 ,8088.00 
Gs/R263202493700051,29/09/25,R-RELIANCE RETAIL LTD (KARNATAKA),601,601.00 ,171453.28 ,0.00 ,0.00 ,8572.66 ,0.00 ,0.06 ,180026.00 
Gs/R263202493700052,29/09/25,R-RELIANCE RETAIL LTD (ASSAM),126,126.00 ,35945.28 ,0.00 ,0.00 ,1797.26 ,0.00 ,0.46 ,37743.00 
Gs/R263202493700053,29/09/25,R-RELIANCE RETAIL LTD (NAVI MUMBAI),2552,2552.00 ,728034.56 ,0.00 ,0.00 ,36401.73 ,0.00 ,0.29,764436.00 
Gs/R263202493700054,29/09/25,R-RELIANCE RETAIL LTD (TELANGANA),1169,1169.00 ,333492.32 ,0.00 ,0.00 ,16674.62 ,0.00 ,0.06 ,350167.00 
Gs/R263202493700055,29/09/25,R-RELIANCE RETAIL LTD (NAVI MUMBAI),2320,2320.00 ,661849.60 ,0.00 ,0.00 ,33092.48 ,0.00 ,0.08,694942.00 
Gs/R263202493700056,29/09/25,R-RELIANCE RETAIL LTD (CHENNAI),782,782.00 ,223088.96 ,0.00 ,0.00 ,11154.45 ,0.00 ,0.41,234243.00 
Gs/R263202493700057,29/09/25,R-RELIANCE RETAIL LTD (WEST BENGAL),1244,1244.00 ,354888.32 ,0.00 ,0.00 ,17744.42 ,0.00 ,0.26 ,372633.00 
Gs/R263202493700058,29/09/25,R-RELIANCE RETAIL LTD (CHENNAI),1600,1600.00 ,456448.00 ,0.00 ,0.00 ,22822.40 ,0.00 ,0.40,479270.00 
Gs/R263202493700059,29/09/25,R-RELIANCE RETAIL LTD (WEST BENGAL),434,434.00 ,123811.52 ,0.00 ,0.00 ,6190.58 ,0.00 ,0.10,130002.00 
Gs/R263202493700060,29/09/25,R-RELIANCE RETAIL LTD (CHENNAI),1659,1659.00 ,473279.52 ,0.00 ,0.00 ,23663.98 ,0.00 ,0.50 ,496944.00 
Gs/R263202493700061,30/09/25,R-RELIANCE RETAIL LTD (CHENNAI),1375,1375.00 ,392260.00 ,0.00 ,0.00 ,19613.00 ,0.00 ,0.00 ,411873.00 
Gs/R263202493700062,30/09/25,R-RELIANCE RETAIL LTD (KARNATAKA),2778,2778.00 ,792507.84 ,0.00 ,0.00 ,39625.39 ,0.00 ,0.23,832133.00 
Gs/R263216067800001,27/03/26,R-RELIANCE RETAIL LTD (TELANGANA),17,17.00 ,5294.38 ,0.00 ,0.00 ,264.72 ,0.00 ,0.10,5559.00 
Gs/R263216067800002,27/03/26,R-RELIANCE RETAIL LTD (GUJRAT),17,17.00 ,5294.38 ,132.36 ,132.36 ,0.00 ,0.00 ,0.10,5559.00 
Gs/R263216067800003,27/03/26,R-RELIANCE RETAIL LTD (GUJRAT),17,17.00 ,5329.09 ,133.23 ,133.23 ,0.00 ,0.00 ,0.45 ,5596.00 
Gs/R263216067800004,27/03/26,R-RELIANCE RETAIL LTD (NAVI MUMBAI),17,17.00 ,5329.09 ,0.00 ,0.00 ,266.45 ,0.00 ,0.46 ,5596.00 
Gs/R263216067800005,27/03/26,R-RELIANCE RETAIL LTD (KARNATAKA),16,16.00 ,4999.28 ,0.00 ,0.00 ,249.96 ,0.00 ,0.24,5249.00 
Gs/R263216067800006,27/03/26,R-RELIANCE RETAIL LTD (KARNATAKA),16,16.00 ,4999.28 ,0.00 ,0.00 ,249.96 ,0.00 ,0.24,5249.00 
Gs/R263216067800007,27/03/26,R-RELIANCE RETAIL LTD (RAJASTHAN),15,15.00 ,4704.18 ,0.00 ,0.00 ,235.21 ,0.00 ,0.39,4939.00 
Gs/R263216067800008,27/03/26,R-RELIANCE RETAIL LTD (CHENNAI),19,19.00 ,5988.71 ,0.00 ,0.00 ,299.44 ,0.00 ,0.15,6288.00 
Gs/R263216067800009,27/03/26,R-RELIANCE RETAIL LTD (LUCKNOW),17,17.00 ,5329.09 ,0.00 ,0.00 ,266.45 ,0.00 ,0.46 ,5596.00 
Gs/R263216067800010,27/03/26,R-RELIANCE RETAIL LTD (KERALA),15,15.00 ,4669.47 ,0.00 ,0.00 ,233.47 ,0.00 ,0.06 ,4903.00 
Gs/R263216067800011,27/03/26,R-RELIANCE RETAIL LTD (HARYANA),206,206.00 ,64331.02 ,0.00 ,0.00 ,3216.55 ,0.00 ,0.43 ,67548.00 
Gs/R263216067800012,27/03/26,R-RELIANCE RETAIL LTD (NAVI MUMBAI),16,16.00 ,4999.28 ,0.00 ,0.00 ,249.96 ,0.00 ,0.24,5249.00 
Gs/R263216067800013,27/03/26,R-RELIANCE RETAIL LTD (NAVI MUMBAI),17,17.00 ,5363.80 ,0.00 ,0.00 ,268.19 ,0.00 ,0.01 ,5632.00 
Gs/R263216067800014,27/03/26,R-RELIANCE RETAIL LTD (TELANGANA),19,19.00 ,5919.29 ,0.00 ,0.00 ,295.96 ,0.00 ,0.25,6215.00 
Gs/R263216067800015,27/03/26,R-RELIANCE RETAIL LTD (GUJRAT),17,17.00 ,5294.38 ,132.36 ,132.36 ,0.00 ,0.00 ,0.10,5559.00 
Gs/R263216067800016,27/03/26,R-RELIANCE RETAIL LTD (GUJRAT),18,18.00 ,5624.19 ,140.60 ,140.60 ,0.00 ,0.00 ,0.39,5905.00 
Gs/R263216067800017,27/03/26,R-RELIANCE RETAIL LTD (CHENNAI),16,16.00 ,4999.28 ,0.00 ,0.00 ,249.96 ,0.00 ,0.24,5249.00 
Gs/R263216067800018,27/03/26,R-RELIANCE RETAIL LTD (KARNATAKA),286,286.00 ,89292.71 ,0.00 ,0.00 ,4464.64 ,0.00 ,0.35,93757.00 
Gs/R263216067800019,27/03/26,R-RELIANCE RETAIL LTD (NAVI MUMBAI),16,16.00 ,4999.28 ,0.00 ,0.00 ,249.96 ,0.00 ,0.24,5249.00 
Gs/R263216067800020,27/03/26,R-RELIANCE RETAIL LTD (ANDHRA PRADESH),17,17.00 ,5329.09 ,0.00 ,0.00 ,266.45 ,0.00 ,0.46 ,5596.00 
Gs/R263216067800021,27/03/26,R-RELIANCE RETAIL LTD (TELANGANA),174,174.00 ,54332.46 ,0.00 ,0.00 ,2716.62 ,0.00 ,0.08,57049.00 
Gs/R263216067800022,27/03/26,R-RELIANCE RETAIL LTD (MADHYA PRADESH),15,15.00 ,4704.18 ,0.00 ,0.00 ,235.21 ,0.00 ,0.39,4939.00 
Gs/R263216067800023,27/03/26,R-RELIANCE RETAIL LTD (NAVI MUMBAI),16,16.00 ,4999.28 ,0.00 ,0.00 ,249.96 ,0.00 ,0.24,5249.00 
Gs/R263216067800024,27/03/26,R-RELIANCE RETAIL LTD (MADHYA PRADESH),15,15.00 ,4704.18 ,0.00 ,0.00 ,235.21 ,0.00 ,0.39,4939.00 
Gs/R263216067800025,27/03/26,R-RELIANCE RETAIL LTD (LUCKNOW),17,17.00 ,5294.38 ,0.00 ,0.00 ,264.72 ,0.00 ,0.10,5559.00 
Gs/R263216067800026,27/03/26,R-RELIANCE RETAIL LTD (TELANGANA),17,17.00 ,5294.38 ,0.00 ,0.00 ,264.72 ,0.00 ,0.10,5559.00 
Gs/R263216067800027,27/03/26,R-RELIANCE RETAIL LTD (NAVI MUMBAI),16,16.00 ,4999.28 ,0.00 ,0.00 ,249.96 ,0.00 ,0.24,5249.00 
Gs/R263216067800028,27/03/26,R-RELIANCE RETAIL LTD (NAVI MUMBAI),17,17.00 ,5329.09 ,0.00 ,0.00 ,266.45 ,0.00 ,0.46 ,5596.00 
Gs/R263216067800029,27/03/26,R-RELIANCE RETAIL LTD (WEST BENGAL),17,17.00 ,5329.09 ,0.00 ,0.00 ,266.45 ,0.00 ,0.46 ,5596.00 
Gs/R263216067800030,27/03/26,R-RELIANCE RETAIL LTD (GOA),16,16.00 ,4999.28 ,0.00 ,0.00 ,249.96 ,0.00 ,0.24,5249.00 
Gs/R263216067800031,27/03/26,R-RELIANCE RETAIL LTD (ANDHRA PRADESH),17,17.00 ,5294.38 ,0.00 ,0.00 ,264.72 ,0.00 ,0.10,5559.00 
Gs/R263216067800032,27/03/26,R-RELIANCE RETAIL LTD (CHENNAI),16,16.00 ,4999.28 ,0.00 ,0.00 ,249.96 ,0.00 ,0.24,5249.00 
Gs/R263216067800033,27/03/26,R-RELIANCE RETAIL LTD (PUNJAB),16,16.00 ,4999.28 ,0.00 ,0.00 ,249.96 ,0.00 ,0.24,5249.00 
Gs/R263216067800034,27/03/26,R-RELIANCE RETAIL LTD (MADHYA PRADESH),16,16.00 ,5033.99 ,0.00 ,0.00 ,251.70 ,0.00 ,0.31 ,5286.00 
Gs/R263216067800035,27/03/26,R-RELIANCE RETAIL LTD (TELANGANA),16,16.00 ,4999.28 ,0.00 ,0.00 ,249.96 ,0.00 ,0.24,5249.00 
Gs/R263216067800036,27/03/26,R-RELIANCE RETAIL LTD (KERALA),15,15.00 ,4669.47 ,0.00 ,0.00 ,233.47 ,0.00 ,0.06 ,4903.00 
Gs/R263216067800037,27/03/26,R-RELIANCE RETAIL LTD (NAVI MUMBAI),364,364.00 ,113664.20 ,0.00 ,0.00 ,5683.21 ,0.00 ,0.41,119347.00 
Gs/R263216067800038,27/03/26,R-RELIANCE RETAIL LTD (KARNATAKA),17,17.00 ,5329.09 ,0.00 ,0.00 ,266.45 ,0.00 ,0.46 ,5596.00 
Gs/R263216067800039,27/03/26,R-RELIANCE RETAIL LTD (ANDHRA PRADESH),18,18.00 ,5624.19 ,0.00 ,0.00 ,281.21 ,0.00 ,0.40,5905.00 
Gs/R263216067800040,27/03/26,R-RELIANCE RETAIL LTD (WEST BENGAL),17,17.00 ,5329.09 ,0.00 ,0.00 ,266.45 ,0.00 ,0.46 ,5596.00 
Gs/R263216067800041,27/03/26,R-RELIANCE RETAIL LTD (NAVI MUMBAI),16,16.00 ,4999.28 ,0.00 ,0.00 ,249.96 ,0.00 ,0.24,5249.00 
Gs/R263216067800042,27/03/26,R-RELIANCE RETAIL LTD (GUJRAT),18,18.00 ,5624.19 ,140.60 ,140.60 ,0.00 ,0.00 ,0.39,5905.00 
Gs/R263216067800043,27/03/26,R-RELIANCE RETAIL LTD (RAIPUR),16,16.00 ,4964.57 ,0.00 ,0.00 ,248.23 ,0.00 ,0.20 ,5213.00 
Gs/R263216067800044,27/03/26,R-RELIANCE RETAIL LTD (TELANGANA),16,16.00 ,4999.28 ,0.00 ,0.00 ,249.96 ,0.00 ,0.24,5249.00 
Gs/R263216067800045,27/03/26,R-RELIANCE RETAIL LTD (LUCKNOW),16,16.00 ,4999.28 ,0.00 ,0.00 ,249.96 ,0.00 ,0.24,5249.00 
Gs/R263216067800046,27/03/26,R-RELIANCE RETAIL LTD (GUJRAT),17,17.00 ,5294.38 ,132.36 ,132.36 ,0.00 ,0.00 ,0.10,5559.00 
Gs/R263216067800047,27/03/26,R-RELIANCE RETAIL LTD (WEST BENGAL),118,118.00 ,37286.21 ,0.00 ,0.00 ,1864.31 ,0.00 ,0.48 ,39151.00 
Gs/R263216067800048,27/03/26,R-RELIANCE RETAIL LTD (NAVI MUMBAI),17,17.00 ,5294.38 ,0.00 ,0.00 ,264.72 ,0.00 ,0.10,5559.00 
Gs/R263216067800049,27/03/26,R-RELIANCE RETAIL LTD (KARNATAKA),17,17.00 ,5294.38 ,0.00 ,0.00 ,264.72 ,0.00 ,0.10,5559.00 
Gs/R263216067800050,27/03/26,R-RELIANCE RETAIL LTD (TELANGANA),17,17.00 ,5329.09 ,0.00 ,0.00 ,266.45 ,0.00 ,0.46 ,5596.00 
Gs/R263216067800051,27/03/26,R-RELIANCE RETAIL LTD (KERALA),16,16.00 ,4999.28 ,0.00 ,0.00 ,249.96 ,0.00 ,0.24,5249.00 
Gs/R263216067800052,27/03/26,R-RELIANCE RETAIL LTD (KERALA),17,17.00 ,5294.38 ,0.00 ,0.00 ,264.72 ,0.00 ,0.10,5559.00 
Gs/R263216067800053,27/03/26,R-RELIANCE RETAIL LTD (RAJASTHAN),16,16.00 ,4999.28 ,0.00 ,0.00 ,249.96 ,0.00 ,0.24,5249.00 
Gs/R263216067800054,27/03/26,R-RELIANCE RETAIL LTD (NAVI MUMBAI),16,16.00 ,4999.28 ,0.00 ,0.00 ,249.96 ,0.00 ,0.24,5249.00 
Gs/R263216067800055,27/03/26,R-RELIANCE RETAIL LTD (KARNATAKA),17,17.00 ,5294.38 ,0.00 ,0.00 ,264.72 ,0.00 ,0.10,5559.00 
Gs/R263216067800056,27/03/26,R-RELIANCE RETAIL LTD (TELANGANA),16,16.00 ,4999.28 ,0.00 ,0.00 ,249.96 ,0.00 ,0.24,5249.00 
Gs/R263216067800057,27/03/26,R-RELIANCE RETAIL LTD (KARNATAKA),18,18.00 ,5624.19 ,0.00 ,0.00 ,281.21 ,0.00 ,0.40,5905.00 
Gs/R263216067800058,27/03/26,R-RELIANCE RETAIL LTD (NAVI MUMBAI),17,17.00 ,5329.09 ,0.00 ,0.00 ,266.45 ,0.00 ,0.46 ,5596.00 
Gs/R263216067800059,27/03/26,R-RELIANCE RETAIL LTD (NAVI MUMBAI),16,16.00 ,4999.28 ,0.00 ,0.00 ,249.96 ,0.00 ,0.24,5249.00 
Gs/R263216067800060,27/03/26,R-RELIANCE RETAIL LTD (KERALA),16,16.00 ,4999.28 ,0.00 ,0.00 ,249.96 ,0.00 ,0.24,5249.00 
Gs/R263216067800061,27/03/26,R-RELIANCE RETAIL LTD (WEST BENGAL),17,17.00 ,5329.09 ,0.00 ,0.00 ,266.45 ,0.00 ,0.46 ,5596.00 
Gs/R263216067800062,27/03/26,R-RELIANCE RETAIL LTD (DELHI),17,17.00 ,5329.09 ,0.00 ,0.00 ,266.45 ,0.00 ,0.46 ,5596.00 
Gs/R263216067800063,27/03/26,R-RELIANCE RETAIL LTD (ANDHRA PRADESH),17,17.00 ,5329.09 ,0.00 ,0.00 ,266.45 ,0.00 ,0.46 ,5596.00 
Gs/R263216067800064,27/03/26,R-RELIANCE RETAIL LTD (LUCKNOW),16,16.00 ,4999.28 ,0.00 ,0.00 ,249.96 ,0.00 ,0.24,5249.00 
Gs/R263216067800065,27/03/26,R-RELIANCE RETAIL LTD (WEST BENGAL),19,19.00 ,5988.71 ,0.00 ,0.00 ,299.44 ,0.00 ,0.15,6288.00 
Gs/R263216067800066,27/03/26,R-RELIANCE RETAIL LTD (NAVI MUMBAI),18,18.00 ,5658.90 ,0.00 ,0.00 ,282.95 ,0.00 ,0.15 ,5942.00 
Gs/R263216067800067,27/03/26,R-RELIANCE RETAIL LTD (KARNATAKA),17,17.00 ,5294.38 ,0.00 ,0.00 ,264.72 ,0.00 ,0.10,5559.00 
Gs/R263216067800068,27/03/26,R-RELIANCE RETAIL LTD (NAVI MUMBAI),16,16.00 ,4999.28 ,0.00 ,0.00 ,249.96 ,0.00 ,0.24,5249.00 
Gs/R263216067800069,27/03/26,R-RELIANCE RETAIL LTD (MADHYA PRADESH),15,15.00 ,4704.18 ,0.00 ,0.00 ,235.21 ,0.00 ,0.39,4939.00 
Gs/R263216067800070,27/03/26,R-RELIANCE RETAIL LTD (BIHAR),17,17.00 ,5329.09 ,0.00 ,0.00 ,266.45 ,0.00 ,0.46 ,5596.00 
Gs/R263216067800071,27/03/26,R-RELIANCE RETAIL LTD (ASSAM),15,15.00 ,4704.18 ,0.00 ,0.00 ,235.21 ,0.00 ,0.39,4939.00 
Gs/R263216067800072,27/03/26,R-RELIANCE RETAIL LTD (ANDHRA PRADESH),16,16.00 ,4999.28 ,0.00 ,0.00 ,249.96 ,0.00 ,0.24,5249.00 
Gs/R263216067800073,27/03/26,R-RELIANCE RETAIL LTD (KERALA),16,16.00 ,4999.28 ,0.00 ,0.00 ,249.96 ,0.00 ,0.24,5249.00 
Gs/R263216067800074,27/03/26,R-RELIANCE RETAIL LTD (CHENNAI),18,18.00 ,5624.19 ,0.00 ,0.00 ,281.21 ,0.00 ,0.40,5905.00 
Gs/R263216067800075,27/03/26,R-RELIANCE RETAIL LTD (GUJRAT),17,17.00 ,5294.38 ,132.36 ,132.36 ,0.00 ,0.00 ,0.10,5559.00 
Gs/R263216067800076,27/03/26,R-RELIANCE RETAIL LTD (LUCKNOW),15,15.00 ,4704.18 ,0.00 ,0.00 ,235.21 ,0.00 ,0.39,4939.00 
Gs/R263216067800077,27/03/26,R-RELIANCE RETAIL LTD (ODISHA),18,18.00 ,5658.90 ,0.00 ,0.00 ,282.95 ,0.00 ,0.15 ,5942.00 
Gs/R263216067800078,27/03/26,R-RELIANCE RETAIL LTD (RAIPUR),17,17.00 ,5329.09 ,0.00 ,0.00 ,266.45 ,0.00 ,0.46 ,5596.00 
Gs/R263216067800079,27/03/26,R-RELIANCE RETAIL LTD (GUJRAT),17,17.00 ,5294.38 ,132.36 ,132.36 ,0.00 ,0.00 ,0.10,5559.00 
Gs/R263216067800080,27/03/26,R-RELIANCE RETAIL LTD (NAVI MUMBAI),185,185.00 ,54593.50 ,0.00 ,0.00 ,2729.68 ,0.00 ,0.18,57323.00 
Gs/R263216067800081,27/03/26,R-RELIANCE RETAIL LTD (TELANGANA),9,9.00 ,2655.90 ,0.00 ,0.00 ,132.80 ,0.00 ,0.30 ,2789.00 
Gs/R263216067800082,27/03/26,R-RELIANCE RETAIL LTD (KARNATAKA),136,136.00 ,40133.60 ,0.00 ,0.00 ,2006.68 ,0.00 ,0.28,42140.00 
Gs/R263216067800083,27/03/26,R-RELIANCE RETAIL LTD (HARYANA),32,32.00 ,9443.20 ,0.00 ,0.00 ,472.16 ,0.00 ,0.36,9915.00 
Gs/R263216067800084,27/03/26,R-RELIANCE RETAIL LTD (TELANGANA),10,10.00 ,2951.00 ,0.00 ,0.00 ,147.55 ,0.00 ,0.45 ,3099.00 
Gs/R263216067800085,27/03/26,R-RELIANCE RETAIL LTD (KERALA),8,8.00 ,2360.80 ,0.00 ,0.00 ,118.04 ,0.00 ,0.16 ,2479.00 
Gs/R263216067800086,27/03/26,R-RELIANCE RETAIL LTD (KARNATAKA),8,8.00 ,2360.80 ,0.00 ,0.00 ,118.04 ,0.00 ,0.16 ,2479.00 
Gs/R263216067800087,27/03/26,R-RELIANCE RETAIL LTD (LUCKNOW),8,8.00 ,2360.80 ,0.00 ,0.00 ,118.04 ,0.00 ,0.16 ,2479.00 
Gs/R263216067800088,27/03/26,R-RELIANCE RETAIL LTD (WEST BENGAL),8,8.00 ,2360.80 ,0.00 ,0.00 ,118.04 ,0.00 ,0.16 ,2479.00 
Gs/R263216067800089,27/03/26,R-RELIANCE RETAIL LTD (NAVI MUMBAI),7,7.00 ,2065.70 ,0.00 ,0.00 ,103.29 ,0.00 ,0.01 ,2169.00 
Gs/R263216067800090,27/03/26,R-RELIANCE RETAIL LTD (NAVI MUMBAI),8,8.00 ,2360.80 ,0.00 ,0.00 ,118.04 ,0.00 ,0.16 ,2479.00 
Gs/R263216067800091,27/03/26,R-RELIANCE RETAIL LTD (CHENNAI),8,8.00 ,2360.80 ,0.00 ,0.00 ,118.04 ,0.00 ,0.16 ,2479.00 
Gs/R263216067800092,27/03/26,R-RELIANCE RETAIL LTD (KARNATAKA),8,8.00 ,2360.80 ,0.00 ,0.00 ,118.04 ,0.00 ,0.16 ,2479.00 
Gs/R263216067800093,27/03/26,R-RELIANCE RETAIL LTD (MADHYA PRADESH),7,7.00 ,2065.70 ,0.00 ,0.00 ,103.29 ,0.00 ,0.01 ,2169.00 
Gs/R263216067800094,27/03/26,R-RELIANCE RETAIL LTD (RAJASTHAN),7,7.00 ,2065.70 ,0.00 ,0.00 ,103.29 ,0.00 ,0.01 ,2169.00 
Gs/R263216067800095,27/03/26,R-RELIANCE RETAIL LTD (GUJRAT),9,9.00 ,2655.90 ,66.40 ,66.40 ,0.00 ,0.00 ,0.30 ,2789.00 
Gs/R263216067800096,27/03/26,R-RELIANCE RETAIL LTD (CHENNAI),8,8.00 ,2360.80 ,0.00 ,0.00 ,118.04 ,0.00 ,0.16 ,2479.00 
Gs/R263216067800097,27/03/26,R-RELIANCE RETAIL LTD (GUJRAT),9,9.00 ,2655.90 ,66.40 ,66.40 ,0.00 ,0.00 ,0.30 ,2789.00 
Gs/R263216067800098,27/03/26,R-RELIANCE RETAIL LTD (LUCKNOW),7,7.00 ,2065.70 ,0.00 ,0.00 ,103.29 ,0.00 ,0.01 ,2169.00 
Gs/R263216067800099,27/03/26,R-RELIANCE RETAIL LTD (NAVI MUMBAI),8,8.00 ,2360.80 ,0.00 ,0.00 ,118.04 ,0.00 ,0.16 ,2479.00 
Gs/R263216067800100,27/03/26,R-RELIANCE RETAIL LTD (NAVI MUMBAI),9,9.00 ,2655.90 ,0.00 ,0.00 ,132.80 ,0.00 ,0.30 ,2789.00 
Gs/R263216067800101,27/03/26,R-RELIANCE RETAIL LTD (GUJRAT),9,9.00 ,2655.90 ,66.40 ,66.40 ,0.00 ,0.00 ,0.30 ,2789.00 
Gs/R263216067800102,27/03/26,R-RELIANCE RETAIL LTD (GUJRAT),9,9.00 ,2655.90 ,66.40 ,66.40 ,0.00 ,0.00 ,0.30 ,2789.00 
Gs/R263216067800103,27/03/26,R-RELIANCE RETAIL LTD (KARNATAKA),9,9.00 ,2655.90 ,0.00 ,0.00 ,132.80 ,0.00 ,0.30 ,2789.00 
Gs/R263216067800104,27/03/26,R-RELIANCE RETAIL LTD (ANDHRA PRADESH),8,8.00 ,2360.80 ,0.00 ,0.00 ,118.04 ,0.00 ,0.16 ,2479.00 
Gs/R263216067800105,27/03/26,R-RELIANCE RETAIL LTD (GUJRAT),8,8.00 ,2360.80 ,59.02 ,59.02 ,0.00 ,0.00 ,0.16 ,2479.00 
Gs/R263216067800106,27/03/26,R-RELIANCE RETAIL LTD (MADHYA PRADESH),7,7.00 ,2065.70 ,0.00 ,0.00 ,103.29 ,0.00 ,0.01 ,2169.00 
Gs/R263216067800107,27/03/26,R-RELIANCE RETAIL LTD (NAVI MUMBAI),8,8.00 ,2360.80 ,0.00 ,0.00 ,118.04 ,0.00 ,0.16 ,2479.00 
Gs/R263216067800108,27/03/26,R-RELIANCE RETAIL LTD (MADHYA PRADESH),7,7.00 ,2065.70 ,0.00 ,0.00 ,103.29 ,0.00 ,0.01 ,2169.00 
Gs/R263216067800109,27/03/26,R-RELIANCE RETAIL LTD (LUCKNOW),9,9.00 ,2655.90 ,0.00 ,0.00 ,132.80 ,0.00 ,0.30 ,2789.00 
Gs/R263216067800110,27/03/26,R-RELIANCE RETAIL LTD (TELANGANA),9,9.00 ,2655.90 ,0.00 ,0.00 ,132.80 ,0.00 ,0.30 ,2789.00 
Gs/R263216067800111,27/03/26,R-RELIANCE RETAIL LTD (NAVI MUMBAI),8,8.00 ,2360.80 ,0.00 ,0.00 ,118.04 ,0.00 ,0.16 ,2479.00 
Gs/R263216067800112,27/03/26,R-RELIANCE RETAIL LTD (KARNATAKA),9,9.00 ,2655.90 ,0.00 ,0.00 ,132.80 ,0.00 ,0.30 ,2789.00 
Gs/R263216067800113,27/03/26,R-RELIANCE RETAIL LTD (NAVI MUMBAI),8,8.00 ,2360.80 ,0.00 ,0.00 ,118.04 ,0.00 ,0.16 ,2479.00 
Gs/R263216067800114,27/03/26,R-RELIANCE RETAIL LTD (NAVI MUMBAI),8,8.00 ,2360.80 ,0.00 ,0.00 ,118.04 ,0.00 ,0.16 ,2479.00 
Gs/R263216067800115,27/03/26,R-RELIANCE RETAIL LTD (GOA),8,8.00 ,2360.80 ,0.00 ,0.00 ,118.04 ,0.00 ,0.16 ,2479.00 
Gs/R263216067800116,27/03/26,R-RELIANCE RETAIL LTD (ANDHRA PRADESH),9,9.00 ,2655.90 ,0.00 ,0.00 ,132.80 ,0.00 ,0.30 ,2789.00 
Gs/R263216067800117,27/03/26,R-RELIANCE RETAIL LTD (PUNJAB),8,8.00 ,2360.80 ,0.00 ,0.00 ,118.04 ,0.00 ,0.16 ,2479.00 
Gs/R263216067800118,27/03/26,R-RELIANCE RETAIL LTD (MADHYA PRADESH),7,7.00 ,2065.70 ,0.00 ,0.00 ,103.29 ,0.00 ,0.01 ,2169.00 
Gs/R263216067800119,27/03/26,R-RELIANCE RETAIL LTD (TELANGANA),8,8.00 ,2360.80 ,0.00 ,0.00 ,118.04 ,0.00 ,0.16 ,2479.00 
Gs/R263216067800120,27/03/26,R-RELIANCE RETAIL LTD (KERALA),8,8.00 ,2360.80 ,0.00 ,0.00 ,118.04 ,0.00 ,0.16 ,2479.00 
Gs/R263216067800121,27/03/26,R-RELIANCE RETAIL LTD (KARNATAKA),8,8.00 ,2360.80 ,0.00 ,0.00 ,118.04 ,0.00 ,0.16 ,2479.00 
Gs/R263216067800122,27/03/26,R-RELIANCE RETAIL LTD (ANDHRA PRADESH),9,9.00 ,2655.90 ,0.00 ,0.00 ,132.80 ,0.00 ,0.30 ,2789.00 
Gs/R263216067800123,27/03/26,R-RELIANCE RETAIL LTD (WEST BENGAL),8,8.00 ,2360.80 ,0.00 ,0.00 ,118.04 ,0.00 ,0.16 ,2479.00 
Gs/R263216067800124,27/03/26,R-RELIANCE RETAIL LTD (NAVI MUMBAI),8,8.00 ,2360.80 ,0.00 ,0.00 ,118.04 ,0.00 ,0.16 ,2479.00 
Gs/R263216067800125,27/03/26,R-RELIANCE RETAIL LTD (GUJRAT),9,9.00 ,2655.90 ,66.40 ,66.40 ,0.00 ,0.00 ,0.30 ,2789.00 
Gs/R263216067800126,27/03/26,R-RELIANCE RETAIL LTD (RAIPUR),9,9.00 ,2655.90 ,0.00 ,0.00 ,132.80 ,0.00 ,0.30 ,2789.00 
Gs/R263216067800127,27/03/26,R-RELIANCE RETAIL LTD (TELANGANA),8,8.00 ,2360.80 ,0.00 ,0.00 ,118.04 ,0.00 ,0.16 ,2479.00 
Gs/R263216067800128,27/03/26,R-RELIANCE RETAIL LTD (TELANGANA),8,8.00 ,2360.80 ,0.00 ,0.00 ,118.04 ,0.00 ,0.16 ,2479.00 
Gs/R263216067800129,27/03/26,R-RELIANCE RETAIL LTD (KARNATAKA),9,9.00 ,2655.90 ,0.00 ,0.00 ,132.80 ,0.00 ,0.30 ,2789.00 
Gs/R263216067800130,27/03/26,R-RELIANCE RETAIL LTD (WEST BENGAL),6,6.00 ,1770.60 ,0.00 ,0.00 ,88.53 ,0.00 ,0.13,1859.00 
Gs/R263216067800131,27/03/26,R-RELIANCE RETAIL LTD (GUJRAT),9,9.00 ,2655.90 ,66.40 ,66.40 ,0.00 ,0.00 ,0.30 ,2789.00 
Gs/R263216067800132,27/03/26,R-RELIANCE RETAIL LTD (NAVI MUMBAI),8,8.00 ,2360.80 ,0.00 ,0.00 ,118.04 ,0.00 ,0.16 ,2479.00 
Gs/R263216067800133,27/03/26,R-RELIANCE RETAIL LTD (KERALA),8,8.00 ,2360.80 ,0.00 ,0.00 ,118.04 ,0.00 ,0.16 ,2479.00 
Gs/R263216067800134,27/03/26,R-RELIANCE RETAIL LTD (KERALA),9,9.00 ,2655.90 ,0.00 ,0.00 ,132.80 ,0.00 ,0.30 ,2789.00 
Gs/R263216067800135,27/03/26,R-RELIANCE RETAIL LTD (RAJASTHAN),8,8.00 ,2360.80 ,0.00 ,0.00 ,118.04 ,0.00 ,0.16 ,2479.00 
Gs/R263216067800136,27/03/26,R-RELIANCE RETAIL LTD (NAVI MUMBAI),8,8.00 ,2360.80 ,0.00 ,0.00 ,118.04 ,0.00 ,0.16 ,2479.00 
Gs/R263216067800137,27/03/26,R-RELIANCE RETAIL LTD (GUJRAT),9,9.00 ,2655.90 ,66.40 ,66.40 ,0.00 ,0.00 ,0.30 ,2789.00 
Gs/R263216067800138,27/03/26,R-RELIANCE RETAIL LTD (TELANGANA),7,7.00 ,2065.70 ,0.00 ,0.00 ,103.29 ,0.00 ,0.01 ,2169.00 
Gs/R263216067800139,27/03/26,R-RELIANCE RETAIL LTD (KARNATAKA),9,9.00 ,2655.90 ,0.00 ,0.00 ,132.80 ,0.00 ,0.30 ,2789.00 
Gs/R263216067800140,27/03/26,R-RELIANCE RETAIL LTD (TELANGANA),8,8.00 ,2360.80 ,0.00 ,0.00 ,118.04 ,0.00 ,0.16 ,2479.00 
Gs/R263216067800141,27/03/26,R-RELIANCE RETAIL LTD (NAVI MUMBAI),8,8.00 ,2360.80 ,0.00 ,0.00 ,118.04 ,0.00 ,0.16 ,2479.00 
Gs/R263216067800142,27/03/26,R-RELIANCE RETAIL LTD (CHENNAI),9,9.00 ,2655.90 ,0.00 ,0.00 ,132.80 ,0.00 ,0.30 ,2789.00 
Gs/R263216067800143,27/03/26,R-RELIANCE RETAIL LTD (NAVI MUMBAI),8,8.00 ,2360.80 ,0.00 ,0.00 ,118.04 ,0.00 ,0.16 ,2479.00 
Gs/R263216067800144,27/03/26,R-RELIANCE RETAIL LTD (KERALA),8,8.00 ,2360.80 ,0.00 ,0.00 ,118.04 ,0.00 ,0.16 ,2479.00 
Gs/R263216067800145,27/03/26,R-RELIANCE RETAIL LTD (NAVI MUMBAI),8,8.00 ,2360.80 ,0.00 ,0.00 ,118.04 ,0.00 ,0.16 ,2479.00 
Gs/R263216067800146,27/03/26,R-RELIANCE RETAIL LTD (KERALA),8,8.00 ,2360.80 ,0.00 ,0.00 ,118.04 ,0.00 ,0.16 ,2479.00 
Gs/R263216067800147,27/03/26,R-RELIANCE RETAIL LTD (WEST BENGAL),8,8.00 ,2360.80 ,0.00 ,0.00 ,118.04 ,0.00 ,0.16 ,2479.00 
Gs/R263216067800148,27/03/26,R-RELIANCE RETAIL LTD (DELHI),8,8.00 ,2360.80 ,0.00 ,0.00 ,118.04 ,0.00 ,0.16 ,2479.00 
Gs/R263216067800149,27/03/26,R-RELIANCE RETAIL LTD (ANDHRA PRADESH),8,8.00 ,2360.80 ,0.00 ,0.00 ,118.04 ,0.00 ,0.16 ,2479.00 
Gs/R263216067800150,27/03/26,R-RELIANCE RETAIL LTD (ODISHA),8,8.00 ,2360.80 ,0.00 ,0.00 ,118.04 ,0.00 ,0.16 ,2479.00 
Gs/R263216067800151,27/03/26,R-RELIANCE RETAIL LTD (RAIPUR),8,8.00 ,2360.80 ,0.00 ,0.00 ,118.04 ,0.00 ,0.16 ,2479.00 
Gs/R263216067800152,27/03/26,R-RELIANCE RETAIL LTD (LUCKNOW),8,8.00 ,2360.80 ,0.00 ,0.00 ,118.04 ,0.00 ,0.16 ,2479.00 
Gs/R263216067800153,27/03/26,R-RELIANCE RETAIL LTD (WEST BENGAL),8,8.00 ,2360.80 ,0.00 ,0.00 ,118.04 ,0.00 ,0.16 ,2479.00 
Gs/R263216067800154,27/03/26,R-RELIANCE RETAIL LTD (CHENNAI),8,8.00 ,2360.80 ,0.00 ,0.00 ,118.04 ,0.00 ,0.16 ,2479.00 
Gs/R263216067800155,27/03/26,R-RELIANCE RETAIL LTD (LUCKNOW),8,8.00 ,2360.80 ,0.00 ,0.00 ,118.04 ,0.00 ,0.16 ,2479.00 
Gs/R263216067800156,27/03/26,R-RELIANCE RETAIL LTD (ASSAM),7,7.00 ,2065.70 ,0.00 ,0.00 ,103.29 ,0.00 ,0.01 ,2169.00 
Gs/R263216067800157,27/03/26,R-RELIANCE RETAIL LTD (BIHAR),8,8.00 ,2360.80 ,0.00 ,0.00 ,118.04 ,0.00 ,0.16 ,2479.00 
Gs/R263216067800158,27/03/26,R-RELIANCE RETAIL LTD (ANDHRA PRADESH),8,8.00 ,2360.80 ,0.00 ,0.00 ,118.04 ,0.00 ,0.16 ,2479.00 
Gs/R263216067800159,30/03/26,R-RELIANCE RETAIL LTD (TELANGANA),8,8.00 ,2416.08 ,0.00 ,0.00 ,120.80 ,0.00 ,0.12 ,2537.00 
Gs/R263216067800160,30/03/26,R-RELIANCE RETAIL LTD (LUCKNOW),9,9.00 ,2718.09 ,0.00 ,0.00 ,135.90 ,0.00 ,0.01 ,2854.00 
Gs/R263216067800161,30/03/26,R-RELIANCE RETAIL LTD (MADHYA PRADESH),7,7.00 ,2114.07 ,0.00 ,0.00 ,105.70 ,0.00 ,0.23 ,2220.00 
Gs/R263216067800162,30/03/26,R-RELIANCE RETAIL LTD (KARNATAKA),8,8.00 ,2416.08 ,0.00 ,0.00 ,120.80 ,0.00 ,0.12 ,2537.00 
Gs/R263216067800163,30/03/26,R-RELIANCE RETAIL LTD (ODISHA),9,9.00 ,2718.09 ,0.00 ,0.00 ,135.90 ,0.00 ,0.01 ,2854.00 
Gs/R263216067800164,30/03/26,R-RELIANCE RETAIL LTD (KERALA),8,8.00 ,2416.08 ,0.00 ,0.00 ,120.80 ,0.00 ,0.12 ,2537.00 
Gs/R263216067800165,30/03/26,R-RELIANCE RETAIL LTD (NAVI MUMBAI),8,8.00 ,2416.08 ,0.00 ,0.00 ,120.80 ,0.00 ,0.12 ,2537.00 
Gs/R263216067800166,30/03/26,R-RELIANCE RETAIL LTD (RAIPUR),8,8.00 ,2416.08 ,0.00 ,0.00 ,120.80 ,0.00 ,0.12 ,2537.00 
Gs/R263216067800167,30/03/26,R-RELIANCE RETAIL LTD (LUCKNOW),9,9.00 ,2718.09 ,0.00 ,0.00 ,135.90 ,0.00 ,0.01 ,2854.00 
Gs/R263216067800168,30/03/26,R-RELIANCE RETAIL LTD (WEST BENGAL),11,11.00 ,3322.11 ,0.00 ,0.00 ,166.11 ,0.00 ,0.22,3488.00 
Gs/R263216067800169,30/03/26,R-RELIANCE RETAIL LTD (MADHYA PRADESH),8,8.00 ,2416.08 ,0.00 ,0.00 ,120.80 ,0.00 ,0.12 ,2537.00 
Gs/R263216067800170,30/03/26,R-RELIANCE RETAIL LTD (LUCKNOW),8,8.00 ,2416.08 ,0.00 ,0.00 ,120.80 ,0.00 ,0.12 ,2537.00 
Gs/R263216067800171,30/03/26,R-RELIANCE RETAIL LTD (KARNATAKA),8,8.00 ,2416.08 ,0.00 ,0.00 ,120.80 ,0.00 ,0.12 ,2537.00 
Gs/R263216067800172,30/03/26,R-RELIANCE RETAIL LTD (CHENNAI),9,9.00 ,2718.09 ,0.00 ,0.00 ,135.90 ,0.00 ,0.01 ,2854.00 
Gs/R263216067800173,30/03/26,R-RELIANCE RETAIL LTD (HARYANA),104,104.00 ,31409.04 ,0.00 ,0.00 ,1570.45 ,0.00 ,0.49,32979.00 
Gs/R263216067800174,30/03/26,R-RELIANCE RETAIL LTD (TELANGANA),8,8.00 ,2416.08 ,0.00 ,0.00 ,120.80 ,0.00 ,0.12 ,2537.00 
Gs/R263216067800175,30/03/26,R-RELIANCE RETAIL LTD (NAVI MUMBAI),10,10.00 ,3020.10 ,0.00 ,0.00 ,151.01 ,0.00 ,0.11,3171.00 
Gs/R263216067800176,30/03/26,R-RELIANCE RETAIL LTD (NAVI MUMBAI),9,9.00 ,2718.09 ,0.00 ,0.00 ,135.90 ,0.00 ,0.01 ,2854.00 
Gs/R263216067800177,30/03/26,R-RELIANCE RETAIL LTD (KARNATAKA),8,8.00 ,2416.08 ,0.00 ,0.00 ,120.80 ,0.00 ,0.12 ,2537.00 
Gs/R263216067800178,30/03/26,R-RELIANCE RETAIL LTD (NAVI MUMBAI),8,8.00 ,2416.08 ,0.00 ,0.00 ,120.80 ,0.00 ,0.12 ,2537.00 
Gs/R263216067800179,30/03/26,R-RELIANCE RETAIL LTD (NAVI MUMBAI),8,8.00 ,2416.08 ,0.00 ,0.00 ,120.80 ,0.00 ,0.12 ,2537.00 
Gs/R263216067800180,30/03/26,R-RELIANCE RETAIL LTD (WEST BENGAL),8,8.00 ,2416.08 ,0.00 ,0.00 ,120.80 ,0.00 ,0.12 ,2537.00 
Gs/R263216067800181,30/03/26,R-RELIANCE RETAIL LTD (NAVI MUMBAI),9,9.00 ,2718.09 ,0.00 ,0.00 ,135.90 ,0.00 ,0.01 ,2854.00 
Gs/R263216067800182,30/03/26,R-RELIANCE RETAIL LTD (GOA),8,8.00 ,2416.08 ,0.00 ,0.00 ,120.80 ,0.00 ,0.12 ,2537.00 
Gs/R263216067800183,30/03/26,R-RELIANCE RETAIL LTD (ANDHRA PRADESH),8,8.00 ,2416.08 ,0.00 ,0.00 ,120.80 ,0.00 ,0.12 ,2537.00 
Gs/R263216067800184,30/03/26,R-RELIANCE RETAIL LTD (NAVI MUMBAI),8,8.00 ,2416.08 ,0.00 ,0.00 ,120.80 ,0.00 ,0.12 ,2537.00 
Gs/R263216067800185,30/03/26,R-RELIANCE RETAIL LTD (CHENNAI),9,9.00 ,2718.09 ,0.00 ,0.00 ,135.90 ,0.00 ,0.01 ,2854.00 
Gs/R263216067800186,30/03/26,R-RELIANCE RETAIL LTD (PUNJAB),8,8.00 ,2416.08 ,0.00 ,0.00 ,120.80 ,0.00 ,0.12 ,2537.00 
Gs/R263216067800187,30/03/26,R-RELIANCE RETAIL LTD (MADHYA PRADESH),9,9.00 ,2718.09 ,0.00 ,0.00 ,135.90 ,0.00 ,0.01 ,2854.00 
Gs/R263216067800188,30/03/26,R-RELIANCE RETAIL LTD (TELANGANA),8,8.00 ,2416.08 ,0.00 ,0.00 ,120.80 ,0.00 ,0.12 ,2537.00 
Gs/R263216067800189,30/03/26,R-RELIANCE RETAIL LTD (TELANGANA),8,8.00 ,2416.08 ,0.00 ,0.00 ,120.80 ,0.00 ,0.12 ,2537.00 
Gs/R263216067800190,30/03/26,R-RELIANCE RETAIL LTD (WEST BENGAL),9,9.00 ,2718.09 ,0.00 ,0.00 ,135.90 ,0.00 ,0.01 ,2854.00 
Gs/R263216067800191,30/03/26,R-RELIANCE RETAIL LTD (MADHYA PRADESH),8,8.00 ,2416.08 ,0.00 ,0.00 ,120.80 ,0.00 ,0.12 ,2537.00 
Gs/R263216067800192,30/03/26,R-RELIANCE RETAIL LTD (NAVI MUMBAI),8,8.00 ,2416.08 ,0.00 ,0.00 ,120.80 ,0.00 ,0.12 ,2537.00 
Gs/R263216067800193,30/03/26,R-RELIANCE RETAIL LTD (RAIPUR),8,8.00 ,2416.08 ,0.00 ,0.00 ,120.80 ,0.00 ,0.12 ,2537.00 
Gs/R263216067800194,30/03/26,R-RELIANCE RETAIL LTD (RAJASTHAN),9,9.00 ,2718.09 ,0.00 ,0.00 ,135.90 ,0.00 ,0.01 ,2854.00 
Gs/R263216067800195,30/03/26,R-RELIANCE RETAIL LTD (TELANGANA),8,8.00 ,2416.08 ,0.00 ,0.00 ,120.80 ,0.00 ,0.12 ,2537.00 
Gs/R263216067800196,30/03/26,R-RELIANCE RETAIL LTD (GUJRAT),8,8.00 ,2416.08 ,60.40 ,60.40 ,0.00 ,0.00 ,0.12 ,2537.00 
Gs/R263216067800197,30/03/26,R-RELIANCE RETAIL LTD (GUJRAT),7,7.00 ,2114.07 ,52.85 ,52.85 ,0.00 ,0.00 ,0.23 ,2220.00 
Gs/R263216067800198,30/03/26,R-RELIANCE RETAIL LTD (NAVI MUMBAI),8,8.00 ,2416.08 ,0.00 ,0.00 ,120.80 ,0.00 ,0.12 ,2537.00 
Gs/R263216067800199,30/03/26,R-RELIANCE RETAIL LTD (NAVI MUMBAI),8,8.00 ,2416.08 ,0.00 ,0.00 ,120.80 ,0.00 ,0.12 ,2537.00 
Gs/R263216067800200,30/03/26,R-RELIANCE RETAIL LTD (TELANGANA),8,8.00 ,2416.08 ,0.00 ,0.00 ,120.80 ,0.00 ,0.12 ,2537.00 
Gs/R263216067800201,30/03/26,R-RELIANCE RETAIL LTD (KERALA),8,8.00 ,2416.08 ,0.00 ,0.00 ,120.80 ,0.00 ,0.12 ,2537.00 
Gs/R263216067800202,30/03/26,R-RELIANCE RETAIL LTD (KERALA),8,8.00 ,2416.08 ,0.00 ,0.00 ,120.80 ,0.00 ,0.12 ,2537.00 
Gs/R263216067800203,30/03/26,R-RELIANCE RETAIL LTD (LUCKNOW),8,8.00 ,2416.08 ,0.00 ,0.00 ,120.80 ,0.00 ,0.12 ,2537.00 
Gs/R263216067800204,30/03/26,R-RELIANCE RETAIL LTD (GUJRAT),9,9.00 ,2718.09 ,67.95 ,67.95 ,0.00 ,0.00 ,0.01 ,2854.00 
Gs/R263216067800205,30/03/26,R-RELIANCE RETAIL LTD (CHENNAI),8,8.00 ,2416.08 ,0.00 ,0.00 ,120.80 ,0.00 ,0.12 ,2537.00 
Gs/R263216067800206,30/03/26,R-RELIANCE RETAIL LTD (GUJRAT),7,7.00 ,2114.07 ,52.85 ,52.85 ,0.00 ,0.00 ,0.23 ,2220.00 
Gs/R263216067800207,30/03/26,R-RELIANCE RETAIL LTD (NAVI MUMBAI),8,8.00 ,2416.08 ,0.00 ,0.00 ,120.80 ,0.00 ,0.12 ,2537.00 
Gs/R263216067800208,30/03/26,R-RELIANCE RETAIL LTD (GUJRAT),8,8.00 ,2416.08 ,60.40 ,60.40 ,0.00 ,0.00 ,0.12 ,2537.00 
Gs/R263216067800209,30/03/26,R-RELIANCE RETAIL LTD (KARNATAKA),9,9.00 ,2718.09 ,0.00 ,0.00 ,135.90 ,0.00 ,0.01 ,2854.00 
Gs/R263216067800210,30/03/26,R-RELIANCE RETAIL LTD (TELANGANA),8,8.00 ,2416.08 ,0.00 ,0.00 ,120.80 ,0.00 ,0.12 ,2537.00 
Gs/R263216067800211,30/03/26,R-RELIANCE RETAIL LTD (KARNATAKA),9,9.00 ,2718.09 ,0.00 ,0.00 ,135.90 ,0.00 ,0.01 ,2854.00 
Gs/R263216067800212,30/03/26,R-RELIANCE RETAIL LTD (KARNATAKA),8,8.00 ,2416.08 ,0.00 ,0.00 ,120.80 ,0.00 ,0.12 ,2537.00 
Gs/R263216067800213,30/03/26,R-RELIANCE RETAIL LTD (ANDHRA PRADESH),8,8.00 ,2416.08 ,0.00 ,0.00 ,120.80 ,0.00 ,0.12 ,2537.00 
Gs/R263216067800214,30/03/26,R-RELIANCE RETAIL LTD (GUJRAT),8,8.00 ,2416.08 ,60.40 ,60.40 ,0.00 ,0.00 ,0.12 ,2537.00 
Gs/R263216067800215,30/03/26,R-RELIANCE RETAIL LTD (LUCKNOW),8,8.00 ,2416.08 ,0.00 ,0.00 ,120.80 ,0.00 ,0.12 ,2537.00 
Gs/R263216067800216,30/03/26,R-RELIANCE RETAIL LTD (BIHAR),8,8.00 ,2416.08 ,0.00 ,0.00 ,120.80 ,0.00 ,0.12 ,2537.00 
Gs/R263216067800217,30/03/26,R-RELIANCE RETAIL LTD (KARNATAKA),8,8.00 ,2416.08 ,0.00 ,0.00 ,120.80 ,0.00 ,0.12 ,2537.00 
Gs/R263216067800218,30/03/26,R-RELIANCE RETAIL LTD (ASSAM),7,7.00 ,2114.07 ,0.00 ,0.00 ,105.70 ,0.00 ,0.23 ,2220.00 
Gs/R263216067800219,30/03/26,R-RELIANCE RETAIL LTD (ANDHRA PRADESH),8,8.00 ,2416.08 ,0.00 ,0.00 ,120.80 ,0.00 ,0.12 ,2537.00 
Gs/R263216067800220,30/03/26,R-RELIANCE RETAIL LTD (GUJRAT),8,8.00 ,2416.08 ,60.40 ,60.40 ,0.00 ,0.00 ,0.12 ,2537.00 
Gs/R263216067800221,30/03/26,R-RELIANCE RETAIL LTD (TELANGANA),87,87.00 ,26274.87 ,0.00 ,0.00 ,1313.74 ,0.00 ,0.39 ,27589.00 
Gs/R263216067800222,30/03/26,R-RELIANCE RETAIL LTD (NAVI MUMBAI),9,9.00 ,2718.09 ,0.00 ,0.00 ,135.90 ,0.00 ,0.01 ,2854.00 
Gs/R263216067800223,30/03/26,R-RELIANCE RETAIL LTD (CHENNAI),8,8.00 ,2416.08 ,0.00 ,0.00 ,120.80 ,0.00 ,0.12 ,2537.00 
Gs/R263216067800224,30/03/26,R-RELIANCE RETAIL LTD (NAVI MUMBAI),8,8.00 ,2416.08 ,0.00 ,0.00 ,120.80 ,0.00 ,0.12 ,2537.00 
Gs/R263216067800225,30/03/26,R-RELIANCE RETAIL LTD (KERALA),8,8.00 ,2416.08 ,0.00 ,0.00 ,120.80 ,0.00 ,0.12 ,2537.00 
Gs/R263216067800226,30/03/26,R-RELIANCE RETAIL LTD (NAVI MUMBAI),8,8.00 ,2416.08 ,0.00 ,0.00 ,120.80 ,0.00 ,0.12 ,2537.00 
Gs/R263216067800227,30/03/26,R-RELIANCE RETAIL LTD (KERALA),8,8.00 ,2416.08 ,0.00 ,0.00 ,120.80 ,0.00 ,0.12 ,2537.00 
Gs/R263216067800228,30/03/26,R-RELIANCE RETAIL LTD (WEST BENGAL),8,8.00 ,2416.08 ,0.00 ,0.00 ,120.80 ,0.00 ,0.12 ,2537.00 
Gs/R263216067800229,30/03/26,R-RELIANCE RETAIL LTD (ANDHRA PRADESH),8,8.00 ,2416.08 ,0.00 ,0.00 ,120.80 ,0.00 ,0.12 ,2537.00 
Gs/R263216067800230,30/03/26,R-RELIANCE RETAIL LTD (GUJRAT),8,8.00 ,2416.08 ,60.40 ,60.40 ,0.00 ,0.00 ,0.12 ,2537.00 
Gs/R263216067800231,30/03/26,R-RELIANCE RETAIL LTD (DELHI),8,8.00 ,2416.08 ,0.00 ,0.00 ,120.80 ,0.00 ,0.12 ,2537.00 
Gs/R263216067800232,30/03/26,R-RELIANCE RETAIL LTD (ANDHRA PRADESH),8,8.00 ,2416.08 ,0.00 ,0.00 ,120.80 ,0.00 ,0.12 ,2537.00 
Gs/R263216067800233,30/03/26,R-RELIANCE RETAIL LTD (KERALA),8,8.00 ,2416.08 ,0.00 ,0.00 ,120.80 ,0.00 ,0.12 ,2537.00 
Gs/R263216067800234,30/03/26,R-RELIANCE RETAIL LTD (NAVI MUMBAI),186,186.00 ,56173.86 ,0.00 ,0.00 ,2808.69 ,0.00 ,0.45 ,58983.00 
Gs/R263216067800235,30/03/26,R-RELIANCE RETAIL LTD (WEST BENGAL),65,65.00 ,19630.65 ,0.00 ,0.00 ,981.53 ,0.00 ,0.18,20612.00 
Gs/R263216067800236,30/03/26,R-RELIANCE RETAIL LTD (RAJASTHAN),8,8.00 ,2416.08 ,0.00 ,0.00 ,120.80 ,0.00 ,0.12 ,2537.00 
Gs/R263216067800237,30/03/26,R-RELIANCE RETAIL LTD (KARNATAKA),145,145.00 ,43791.45 ,0.00 ,0.00 ,2189.57 ,0.00 ,0.02,45981.00 
OTR/010001,21/01/26,SALASAR CREATIONS - SALES,1,1.00 ,400000.00 ,36000.00 ,36000.00 ,0.00 ,0.00 ,0.00 ,472000.00 
OTR/010002,03/03/26,MERIDIAN CLOTHING CO PVT LIMITED,3709,3709.00 ,394953.00 ,0.00 ,0.00 ,19747.65 ,0.00 ,0.00 ,414700.65 
OTR/010003,31/03/26,MERIDIAN CLOTHING CO PVT LIMITED,3671,3671.00 ,391062.00 ,0.00 ,0.00 ,19553.10 ,0.00 ,0.00 ,410615.10 
SAB,09-05-2026,,,,,,,,,Page -1 of 1,
Total  :,,,49754,170706.10 ,26232839.65 ,38230.82 ,38230.82 ,1279183.07 ,0.00 ,17.39 ,27428558.75 
,,,,,,,,,,,
,,,,,,,,,,,
,,,,,,,,,,,
,,,,,,,,,,,
,,,,,,,,,,,
,,,,,,,,,,,
,,,,,,,,,,,
,,,,,,,,,,,
,,,,,,,,,,,
,,,,,,,,,,,
,,,,,,,,,,,
,,,,,,,,,,,
,,,,,,,,,,,
,,,,,,,,,,,
,,,,,,,,,,,
,,,,,,,,,,,
,,,,,,,,,,,
,,,,,,,,,,,
,,,,,,,,,,,
,,,,,,,,,,,
,,,,,,,,,,,
,,,,,,,,,,,
,,,,,,,,,,,
,,,,,,,,,,,
,,,,,,,,,,,
,,,,,,,,,,,
,,,,,,,,,,,
,,,,,,,,,,,
,,,,,,,,,,,
,,,,,,,,,,,
,,,,,,,,,,,
,,,,,,,,,,,
,,,,,,,,,,,
,,,,,,,,,,,
,,,,,,,,,,,
,,,,,,,,,,,
,,,,,,,,,,,
,,,,,,,,,,,
,,,,,,,,,,,
,,,,,,,,,,,
,,,,,,,,,,,
,,,,,,,,,,,
,,,,,,,,,,,
,,,,,,,,,,,
,,,,,,,,,,,
,,,,,,,,,,,
,,,,,,,,,,,
,,,,,,,,,,,
,,,,,,,,,,,
,,,,,,,,,,,
,,,,,,,,,,,
,,,,,,,,,,,
,,,,,,,,,,,
,,,,,,,,,,,
,,,,,,,,,,,
,,,,,,,,,,,
,,,,,,,,,,,
,,,,,,,,,,,
,,,,,,,,,,,
,,,,,,,,,,,
,,,,,,,,,,,
,,,,,,,,,,,
,,,,,,,,,,,
,,,,,,,,,,,
,,,,,,,,,,,
,,,,,,,,,,,
,,,,,,,,,,,
,,,,,,,,,,,
,,,,,,,,,,,
,,,,,,,,,,,
,,,,,,,,,,,
,,,,,,,,,,,
,,,,,,,,,,,
,,,,,,,,,,,
,,,,,,,,,,,
,,,,,,,,,,,
,,,,,,,,,,,
,,,,,,,,,,,
,,,,,,,,,,,
,,,,,,,,,,,
,,,,,,,,,,,
,,,,,,,,,,,
,,,,,,,,,,,
,,,,,,,,,,,
,,,,,,,,,,,
,,,,,,,,,,,
,,,,,,,,,,,
,,,,,,,,,,,
,,,,,,,,,,,
,,,,,,,,,,,
,,,,,,,,,,,
,,,,,,,,,,,
,,,,,,,,,,,
,,,,,,,,,,,
,,,,,,,,,,,
,,,,,,,,,,,
,,,,,,,,,,,
,,,,,,,,,,,
,,,,,,,,,,,
,,,,,,,,,,,
,,,,,,,,,,,
,,,,,,,,,,,
,,,,,,,,,,,
,,,,,,,,,,,
,,,,,,,,,,,
,,,,,,,,,,,
,,,,,,,,,,,
,,,,,,,,,,,
,,,,,,,,,,,
,,,,,,,,,,,
,,,,,,,,,,,
,,,,,,,,,,,
,,,,,,,,,,,
,,,,,,,,,,,
,,,,,,,,,,,
,,,,,,,,,,,
,,,,,,,,,,,
,,,,,,,,,,,
,,,,,,,,,,,
,,,,,,,,,,,
,,,,,,,,,,,
,,,,,,,,,,,
,,,,,,,,,,,
,,,,,,,,,,,
,,,,,,,,,,,
,,,,,,,,,,,
,,,,,,,,,,,
,,,,,,,,,,,
,,,,,,,,,,,
,,,,,,,,,,,
,,,,,,,,,,,
,,,,,,,,,,,
,,,,,,,,,,,
,,,,,,,,,,,
,,,,,,,,,,,
,,,,,,,,,,,
,,,,,,,,,,,
,,,,,,,,,,,
,,,,,,,,,,,
,,,,,,,,,,,
,,,,,,,,,,,
,,,,,,,,,,,
,,,,,,,,,,,
,,,,,,,,,,,
,,,,,,,,,,,
,,,,,,,,,,,
,,,,,,,,,,,
,,,,,,,,,,,
,,,,,,,,,,,
,,,,,,,,,,,
,,,,,,,,,,,
,,,,,,,,,,,
,,,,,,,,,,,
,,,,,,,,,,,
,,,,,,,,,,,
,,,,,,,,,,,
,,,,,,,,,,,
,,,,,,,,,,,
,,,,,,,,,,,
,,,,,,,,,,,
,,,,,,,,,,,
,,,,,,,,,,,
,,,,,,,,,,,
,,,,,,,,,,,
,,,,,,,,,,,
,,,,,,,,,,,
,,,,,,,,,,,
,,,,,,,,,,,
,,,,,,,,,,,
,,,,,,,,,,,
,,,,,,,,,,,
,,,,,,,,,,,
,,,,,,,,,,,
,,,,,,,,,,,
,,,,,,,,,,,
,,,,,,,,,,,
,,,,,,,,,,,
,,,,,,,,,,,
,,,,,,,,,,,
,,,,,,,,,,,
,,,,,,,,,,,
,,,,,,,,,,,
,,,,,,,,,,,
,,,,,,,,,,,
,,,,,,,,,,,
,,,,,,,,,,,
,,,,,,,,,,,
,,,,,,,,,,,
,,,,,,,,,,,
,,,,,,,,,,,
,,,,,,,,,,,
,,,,,,,,,,,
,,,,,,,,,,,
,,,,,,,,,,,
,,,,,,,,,,,
,,,,,,,,,,,
,,,,,,,,,,,
,,,,,,,,,,,
,,,,,,,,,,,
,,,,,,,,,,,
,,,,,,,,,,,
,,,,,,,,,,,
,,,,,,,,,,,
,,,,,,,,,,,
,,,,,,,,,,,
,,,,,,,,,,,
,,,,,,,,,,,
,,,,,,,,,,,
,,,,,,,,,,,
,,,,,,,,,,,
,,,,,,,,,,,
,,,,,,,,,,,
,,,,,,,,,,,
,,,,,,,,,,,
,,,,,,,,,,,
,,,,,,,,,,,
,,,,,,,,,,,
,,,,,,,,,,,
,,,,,,,,,,,
,,,,,,,,,,,
,,,,,,,,,,,
,,,,,,,,,,,
,,,,,,,,,,,
,,,,,,,,,,,
,,,,,,,,,,,
,,,,,,,,,,,
,,,,,,,,,,,
,,,,,,,,,,,
,,,,,,,,,,,
,,,,,,,,,,,
,,,,,,,,,,,
,,,,,,,,,,,
,,,,,,,,,,,
,,,,,,,,,,,
,,,,,,,,,,,
,,,,,,,,,,,
,,,,,,,,,,,
,,,,,,,,,,,
,,,,,,,,,,,
,,,,,,,,,,,
,,,,,,,,,,,
,,,,,,,,,,,
,,,,,,,,,,,
,,,,,,,,,,,
,,,,,,,,,,,
,,,,,,,,,,,
,,,,,,,,,,,
,,,,,,,,,,,
,,,,,,,,,,,
,,,,,,,,,,,
,,,,,,,,,,,
,,,,,,,,,,,
,,,,,,,,,,,
,,,,,,,,,,,
,,,,,,,,,,,
,,,,,,,,,,,
,,,,,,,,,,,
,,,,,,,,,,,
,,,,,,,,,,,
,,,,,,,,,,,
,,,,,,,,,,,
,,,,,,,,,,,
,,,,,,,,,,,
,,,,,,,,,,,
,,,,,,,,,,,
,,,,,,,,,,,
,,,,,,,,,,,
,,,,,,,,,,,
,,,,,,,,,,,
,,,,,,,,,,,
,,,,,,,,,,,
,,,,,,,,,,,
,,,,,,,,,,,
,,,,,,,,,,,
,,,,,,,,,,,
,,,,,,,,,,,
,,,,,,,,,,,
,,,,,,,,,,,
,,,,,,,,,,,
,,,,,,,,,,,
,,,,,,,,,,,
,,,,,,,,,,,
,,,,,,,,,,,
,,,,,,,,,,,
,,,,,,,,,,,
,,,,,,,,,,,
,,,,,,,,,,,
,,,,,,,,,,,
,,,,,,,,,,,
,,,,,,,,,,,
,,,,,,,,,,,
,,,,,,,,,,,
,,,,,,,,,,,
,,,,,,,,,,,
,,,,,,,,,,,
,,,,,,,,,,,
,,,,,,,,,,,
,,,,,,,,,,,
,,,,,,,,,,,
,,,,,,,,,,,
,,,,,,,,,,,
,,,,,,,,,,,
,,,,,,,,,,,
,,,,,,,,,,,
,,,,,,,,,,,
,,,,,,,,,,,
,,,,,,,,,,,
,,,,,,,,,,,
,,,,,,,,,,,
,,,,,,,,,,,
,,,,,,,,,,,
,,,,,,,,,,,
,,,,,,,,,,,
,,,,,,,,,,,
,,,,,,,,,,,
,,,,,,,,,,,
,,,,,,,,,,,
,,,,,,,,,,,
,,,,,,,,,,,
,,,,,,,,,,,
,,,,,,,,,,,
,,,,,,,,,,,
,,,,,,,,,,,
,,,,,,,,,,,
,,,,,,,,,,,
,,,,,,,,,,,
,,,,,,,,,,,
,,,,,,,,,,,
,,,,,,,,,,,
,,,,,,,,,,,
,,,,,,,,,,,
,,,,,,,,,,,
,,,,,,,,,,,
,,,,,,,,,,,
,,,,,,,,,,,
,,,,,,,,,,,
,,Total  :,42425,42425.00 ,14324573.40 ,2230.82 ,2230.82 ,711766.76 ,0.00 ,15.20 ,15040817.00 
,,,,,,,,,,,
,,,,,,,,,,,
,,,,,,,,,,,
,,,,,,,,,,,
,,,,,,,,,,,
,,Total  :,7381,7381.00 ,1186015.00 ,36000.00 ,36000.00 ,39300.75 ,0.00 ,0.00 ,1297315.75 
